{"averages":{"Happiness":5.3757341772151905,"Family":0.9910459493670887,"Freedom":0.43775689873417745,"Generosity":0.23729550632911403},"maxvals":{"Happiness":7.587,"Family":1.40223,"Freedom":2.11,"Generosity":0.79588},"minvals":{"Happiness":2.839,"Family":0,"Freedom":0,"Generosity":0},"number":{"Happiness":[9,46,53,35,15],"Family":[1,2,10,26,64,54,1],"Freedom":[7,37,70,43,1],"Generosity":[3,48,66,26,13,1,1]},"totalnumber":{"Happiness":158,"Family":158,"Freedom":158,"Generosity":158},"Happiness":[3.336444444444444,4.3194347826086945,5.362113207547171,6.46,7.356800000000001],"Family":[0,0.22139999999999999,0.427771,0.7314688461538463,0.9987121874999998,1.2504953703703707,1.40223],"Freedom":[0.08765857142857143,0.2639078378378379,0.4387995714285715,0.6037539534883719,2.11],"Generosity":[0.009466666666666667,0.120078125,0.22639333333333336,0.3529784615384615,0.4776123076923077,0.5763,0.79588]}