{"averages":{"Height":17.5,"Weight":134,"Disease":50.5,"Deathrate":668.3333333333334},"maxvals":{"Height":23,"Weight":145,"Disease":111,"Deathrate":899},"minvals":{"Height":12,"Weight":123,"Disease":-10,"Deathrate":455},"number":{"Height":[1,3,4,3,1],"Weight":[1,3,4,3,1],"Disease":[1,3,4,3,1],"Deathrate":[1,4,3,3,1]},"totalnumber":{"Height":12,"Weight":12,"Disease":12,"Deathrate":12},"Height":[12,14,17.5,21,23],"Weight":[123,127,134,141,145],"Disease":[-10,12,50.5,89,111],"Deathrate":[455,559,681.6666666666666,795,899]}